id;title;content;date
1;Singapore Nordrhein-Westfalen;../fake-data/blob/hipster.txt;2022-12-16T20:39:32
2;Orchestrator;../fake-data/blob/hipster.txt;2022-12-17T01:48:08
3;world-class Hat;../fake-data/blob/hipster.txt;2022-12-16T14:44:58
4;solutions;../fake-data/blob/hipster.txt;2022-12-16T23:57:35
5;Loan;../fake-data/blob/hipster.txt;2022-12-16T13:10:57
6;Pataca;../fake-data/blob/hipster.txt;2022-12-17T04:33:10
7;Rheinland-Pfalz Isle;../fake-data/blob/hipster.txt;2022-12-16T13:56:26
8;repurpose Falklandinseln blockchains;../fake-data/blob/hipster.txt;2022-12-16T12:51:40
9;system;../fake-data/blob/hipster.txt;2022-12-16T14:40:16
10;backing;../fake-data/blob/hipster.txt;2022-12-17T00:17:53
